<?xml version="1.0" encoding="utf-8"?><?xml-stylesheet type="text/css" href="dtbook.2005.basic.css"?>
<!DOCTYPE dtbook PUBLIC "-//NISO//DTD dtbook 2005-3//EN" "http://www.daisy.org/z3986/2005/dtbook-2005-3.dtd">
<dtbook xmlns="http://www.daisy.org/z3986/2005/dtbook/" version="2005-2" xml:lang="pt">
    <head>
        <meta name="dt:version" content="1.0" />
        <meta name="dc:Title" content="Nossa Vida e Ministério Cristão — Apostila da Reunião 202505"/>
        <meta name="dc:Creator" content="Watchtower"/>
        <meta name="dc:Publisher" content="Watch Tower Bible and Tract Society of Pennsylvania"/>
        <meta name="dc:Date" content="None"/>
        <meta name="dc:Language" content="pt" />
        <meta name="dc:identifier" content="" />
        <meta name="dtb:uid" content=""/>
        <meta name="generator" content="Anemone 1.81 (http://ssb22.user.srcf.net/anemone)"/>
    </head>
    <book>
        <frontmatter><doctitle>Nossa Vida e Ministério Cristão — Apostila da Reunião 202505</doctitle><docauthor>Watchtower</docauthor></frontmatter><bodymatter>
<level1><h1 id="p1">5-11 de maio</h1>
<level2><h2 id="p2"><strong>PROVÉRBIOS 12</strong></h2>
<level3><h3 id="p3"><strong>Cântico 101</strong> <strong>e oração | Comentários iniciais</strong> (1 min)</h3></level3></level2>
<level2><h2 id="p4">TESOUROS DA PALAVRA DE DEUS</h2>
<level3><h3 id="p5">1. Vale a pena trabalhar duro</h3>
<p id="p6">(10 min)</p>
<p id="p7">Não perca tempo se empenhando por coisas sem valor. (Pro. 12:11)</p>
<p id="p8">Seja trabalhador e faça seu melhor. (Pro. 12:24; <em>w16.06</em> 30 § 6)</p>
<p id="p9">Você vai ser recompensado pelo seu trabalho duro. (Pro. 12:14)</p><p><imggroup><img src="1.jpg" id="i0" /></imggroup></p>
<p id="p10"><strong>DICA:</strong> Nosso trabalho pode nos dar satisfação se pensarmos em como ele beneficia outros. — Atos 20:35; <em>w15</em> 1/2 5 §§ 4-6.</p></level3>
<level3><h3 id="p11">2. Joias espirituais</h3>
<p id="p12">(10 min)</p>
<p id="p13">Pro. 12:16 — Como o princípio nesse versículo pode ajudar uma pessoa a ser forte ao passar por problemas? (ijwyp artigo 95 §§ 10-11)</p>
<p id="p14">Que joias espirituais você encontrou na leitura da Bíblia desta semana?</p></level3>
<level3><h3 id="p15">3. Leitura da Bíblia</h3>
<p id="p16">(4 min) Pro. 12:1-20 (th lição 5)</p></level3></level2>
<level2><h2 id="p17">FAÇA SEU MELHOR NO MINISTÉRIO</h2>
<level3><h3 id="p18">4. Iniciando conversas</h3>
<p id="p19">(2 min) DE CASA EM CASA. (lmd lição 1 ponto 4)</p></level3>
<level3><h3 id="p20">5. Iniciando conversas</h3>
<p id="p21">(3 min) DE CASA EM CASA. Ofereça um estudo bíblico. (lmd lição 5 ponto 4)</p></level3>
<level3><h3 id="p22">6. Cultivando o interesse</h3>
<p id="p23">(3 min) TESTEMUNHO INFORMAL. Mostre o site jw.org para uma pessoa que tem filhos. (lmd lição 9 ponto 3)</p></level3>
<level3><h3 id="p24">7. Explicando suas crenças</h3>
<p id="p25">(3 min) Demonstração. <em>ijwfq</em> artigo 3 — Tema: Vocês acreditam que a sua religião é a única verdadeira? (lmd lição 4 ponto 3)</p></level3></level2>
<level2><h2 id="p26">NOSSA VIDA CRISTÃ</h2>
<level3><h3 id="p27"><strong>Cântico 21</strong></h3></level3>
<level3><h3 id="p28">8. Como enfrentar problemas financeiros com a ajuda de Jeová</h3>
<p id="p29">(15 min) Consideração.</p>
<p id="p30">Você se sente ansioso porque quer encontrar um emprego ou tem medo de perder o seu emprego? Ou se preocupa com não ter dinheiro suficiente hoje, ou quando estiver mais velho? O sistema econômico do mundo é frágil. Mas Jeová nos garante que, se nós o colocarmos em primeiro lugar, ele sempre vai nos dar o que precisamos — mesmo se a nossa situação mudar de repente e tivermos problemas financeiros. — Sal. 46:1-3; 127:2; Mat. 6:31-33.</p><p><imggroup><img src="2.jpg" id="i1" /></imggroup></p>
<p id="p31"><strong>Mostre o VÍDEO</strong> <strong><em>Jeová Nunca nos Abandonou.</em></strong> Depois, pergunte:</p>
<p id="p32">O que você aprendeu com a experiência do irmão Francisco?</p>
<p id="p33"><strong>Leia</strong> <strong>1 Timóteo 5:8.</strong> Depois, pergunte:</p>
<p id="p34">Como esse texto aumenta a sua fé que Jeová, como Pai, sempre vai dar o que a sua família de adoradores precisa?</p>
<p id="p35">Veja alguns princípios da Bíblia que podem ajudar você a lidar com as incertezas financeiras:</p>
<p id="p36">Mantenha sua vida simples. Diminua dívidas e gastos desnecessários. — Mat. 6:22.</p>
<p id="p37">Ao tomar decisões sobre trabalho e educação, coloque em primeiro lugar as coisas espirituais. — Fil. 1:9-11.</p>
<p id="p38">Seja humilde e saiba se adaptar. Se você perder o emprego, esteja aberto a fazer outros tipos de trabalho — mesmo que sejam humildes — para cuidar das necessidades da sua família. — Pro. 14:23.</p>
<p id="p39">Esteja disposto a compartilhar com outros o que você tem, mesmo se você não tiver muito. — Heb. 13:16.</p></level3>
<level3><h3 id="p40">9. Estudo bíblico de congregação</h3>
<p id="p41">(30 min) <em>bt</em> cap. 26 §§ 1-8, quadros nas pp. 204, 208</p></level3>
<level3><h3 id="p42">Comentários finais (3 min) | Cântico 57 e oração</h3></level3></level2></level1>
    </bodymatter></book>
</dtbook>
