<?xml version="1.0" encoding="utf-8"?><?xml-stylesheet type="text/css" href="dtbook.2005.basic.css"?>
<!DOCTYPE dtbook PUBLIC "-//NISO//DTD dtbook 2005-3//EN" "http://www.daisy.org/z3986/2005/dtbook-2005-3.dtd">
<dtbook xmlns="http://www.daisy.org/z3986/2005/dtbook/" version="2005-2" xml:lang="pt">
    <head>
        <meta name="dt:version" content="1.0" />
        <meta name="dc:Title" content="Nossa Vida e Ministério Cristão — Apostila da Reunião 202505"/>
        <meta name="dc:Creator" content="Watchtower"/>
        <meta name="dc:Publisher" content="Watch Tower Bible and Tract Society of Pennsylvania"/>
        <meta name="dc:Date" content="None"/>
        <meta name="dc:Language" content="pt" />
        <meta name="dc:identifier" content="" />
        <meta name="dtb:uid" content=""/>
        <meta name="generator" content="Anemone 1.81 (http://ssb22.user.srcf.net/anemone)"/>
    </head>
    <book>
        <frontmatter><doctitle>Nossa Vida e Ministério Cristão — Apostila da Reunião 202505</doctitle><docauthor>Watchtower</docauthor></frontmatter><bodymatter>
<level1><h1 id="p44">12-18 de maio</h1>
<level2><h2 id="p45"><strong>PROVÉRBIOS 13</strong></h2>
<level3><h3 id="p46"><strong>Cântico 34</strong> <strong>e oração | Comentários iniciais</strong> (1 min)</h3></level3></level2>
<level2><h2 id="p47">TESOUROS DA PALAVRA DE DEUS</h2>
<level3><h3 id="p48">1. Não seja enganado pela “lâmpada dos maus”</h3>
<p id="p49">(10 min)</p>
<p id="p50">Os maus não têm nenhum futuro. (Pro. 13:9; it-2 189 §§ 3-4)</p>
<p id="p51">Não passe tempo com aqueles que fazem com que coisas ruins pareçam boas. (Pro. 13:20; <em>w12</em> 15/7 12 § 3)</p>
<p id="p52">Jeová abençoa os justos. (Pro. 13:25; <em>w04</em> 15/7 31 § 6)</p><p><imggroup><img src="3.jpg" id="i2" /></imggroup></p>
<p id="p53"></p>
<p id="p54">A vida de quem busca as coisas do mundo dificilmente é tão glamourosa quanto parece. Mas aqueles que fazem a vontade de Jeová sentem verdadeira satisfação na vida.</p></level3>
<level3><h3 id="p55">2. Joias espirituais</h3>
<p id="p56">(10 min)</p>
<p id="p57">Pro. 13:24 — Que conceito errado alguns têm sobre amor e disciplina? (it-1 117 § 2)</p>
<p id="p58">Que joias espirituais você encontrou na leitura da Bíblia desta semana?</p></level3>
<level3><h3 id="p59">3. Leitura da Bíblia</h3>
<p id="p60">(4 min) Pro. 13:1-17 (th lição 10)</p></level3></level2>
<level2><h2 id="p61">FAÇA SEU MELHOR NO MINISTÉRIO</h2>
<level3><h3 id="p62">4. Iniciando conversas</h3>
<p id="p63">(3 min) DE CASA EM CASA. Comece falando sobre um assunto atual. Depois, mude para um assunto bíblico que interesse mais ao morador. (lmd lição 2 ponto 5)</p></level3>
<level3><h3 id="p64">5. Iniciando conversas</h3>
<p id="p65">(4 min) TESTEMUNHO INFORMAL. Convide a pessoa para uma reunião. (lmd lição 2 ponto 3)</p></level3>
<level3><h3 id="p66">6. Discurso</h3>
<p id="p67">(5 min) <em>lmd</em> apêndice A ponto 9 — Tema: Filhos que respeitam e obedecem os pais só têm a ganhar. (th lição 16)</p></level3></level2>
<level2><h2 id="p68">NOSSA VIDA CRISTÃ</h2>
<level3><h3 id="p69"><strong>Cântico 77</strong></h3></level3>
<level3><h3 id="p70">7. “A luz dos justos brilha intensamente”</h3>
<p id="p71">(8 min) Consideração.</p>
<p id="p72">A Palavra de Deus contém conhecimento e sabedoria sem comparação. Quando a usamos para iluminar nosso caminho, somos mais felizes e temos uma vida melhor. Isso é algo que o mundo simplesmente não pode nos oferecer.</p><p><imggroup><img src="4.jpg" id="i3" /></imggroup></p>
<p id="p73"><strong>Mostre o VÍDEO</strong> <strong><em>O Mundo Não Pode Dar o Que Não Tem.</em></strong> Depois, pergunte:</p>
<p id="p74">Como a história da irmã Guzel mostra que “a luz dos justos” é superior à “lâmpada dos maus”? — Pro. 13:9.</p>
<p id="p75"></p>
<p id="p76">Nunca perca tempo fantasiando sobre as coisas do mundo nem se arrependendo das escolhas que você fez para servir a Jeová. (1 João 2:15-17) Em vez disso, concentre-se no “valor superior do conhecimento” que você adquiriu. — Fil. 3:8.</p></level3>
<level3><h3 id="p77">SUGESTÃO PARA SUA ADORAÇÃO EM FAMÍLIA:</h3>
<p id="p78">De tempos em tempos, assistam novamente a um ou dois vídeos da série <em>A Verdade Transforma Vidas.</em> Reflitam sobre como eles destacam que a verdade é valiosa.</p></level3>
<level3><h3 id="p79">8. Necessidades locais</h3>
<p id="p80">(7 min)</p></level3>
<level3><h3 id="p81">9. Estudo bíblico de congregação</h3>
<p id="p82">(30 min) <em>bt</em> cap. 26 §§ 9-17</p></level3>
<level3><h3 id="p83">Comentários finais (3 min) | Cântico 43 e oração</h3></level3></level2></level1>
    </bodymatter></book>
</dtbook>
