<?xml version="1.0" encoding="utf-8"?><?xml-stylesheet type="text/css" href="dtbook.2005.basic.css"?>
<!DOCTYPE dtbook PUBLIC "-//NISO//DTD dtbook 2005-3//EN" "http://www.daisy.org/z3986/2005/dtbook-2005-3.dtd">
<dtbook xmlns="http://www.daisy.org/z3986/2005/dtbook/" version="2005-2" xml:lang="pt">
    <head>
        <meta name="dt:version" content="1.0" />
        <meta name="dc:Title" content="Nossa Vida e Ministério Cristão — Apostila da Reunião 202505"/>
        <meta name="dc:Creator" content="Watchtower"/>
        <meta name="dc:Publisher" content="Watch Tower Bible and Tract Society of Pennsylvania"/>
        <meta name="dc:Date" content="None"/>
        <meta name="dc:Language" content="pt" />
        <meta name="dc:identifier" content="" />
        <meta name="dtb:uid" content=""/>
        <meta name="generator" content="Anemone 1.81 (http://ssb22.user.srcf.net/anemone)"/>
    </head>
    <book>
        <frontmatter><doctitle>Nossa Vida e Ministério Cristão — Apostila da Reunião 202505</doctitle><docauthor>Watchtower</docauthor></frontmatter><bodymatter>
<level1><h1 id="p85">19-25 de maio</h1>
<level2><h2 id="p86"><strong>PROVÉRBIOS 14</strong></h2>
<level3><h3 id="p87"><strong>Cântico 89</strong> <strong>e oração | Comentários iniciais</strong> (1 min)</h3></level3></level2>
<level2><h2 id="p88">TESOUROS DA PALAVRA DE DEUS</h2>
<level3><h3 id="p89">1. Quando acontecer um desastre, pense bem antes de cada passo</h3>
<p id="p90">(10 min)</p>
<p id="p91">Não acredite em “qualquer palavra” que você ouvir. (Pro. 14:15; <em>w23.02</em> 23 §§ 10-12)</p>
<p id="p92">Não tome decisões simplesmente com base no seu instinto ou nas coisas que você já passou. (Pro. 14:12)</p>
<p id="p93">Não dê ouvidos a quem rejeita as orientações da organização de Jeová. (Pro. 14:7)</p><p><imggroup><img src="5.jpg" id="i4" /></imggroup></p>
<p id="p94"><strong>PARA MEDITAR:</strong> Anciãos, vocês estão preparados para obedecer as orientações de Jeová e confiar completamente nele quando acontecer um desastre? — <em>w24.07</em> 5 § 11.</p></level3>
<level3><h3 id="p95">2. Joias espirituais</h3>
<p id="p96">(10 min)</p>
<p id="p97">Pro. 14:17 — Por que “o homem de reflexão é odiado”? (it-2 780)</p>
<p id="p98">Que joias espirituais você encontrou na leitura da Bíblia desta semana?</p></level3>
<level3><h3 id="p99">3. Leitura da Bíblia</h3>
<p id="p100">(4 min) Pro. 14:1-21 (th lição 11)</p></level3></level2>
<level2><h2 id="p101">FAÇA SEU MELHOR NO MINISTÉRIO</h2>
<level3><h3 id="p102">4. Iniciando conversas</h3>
<p id="p103">(3 min) TESTEMUNHO PÚBLICO. A pessoa fala que está preocupada com a economia. Compartilhe com ela um ponto da Bíblia. (lmd lição 3 ponto 3)</p></level3>
<level3><h3 id="p104">5. Cultivando o interesse</h3>
<p id="p105">(4 min) DE CASA EM CASA. Ofereça uma revista que fala sobre um assunto em que o morador mostrou interesse na conversa anterior. (lmd lição 9 ponto 4)</p></level3>
<level3><h3 id="p106">6. Fazendo discípulos</h3>
<p id="p107">(5 min) Incentive seu estudante a ler a Bíblia diariamente e mostre o que pode ajudá-lo a fazer isso. (th lição 19)</p></level3></level2>
<level2><h2 id="p108">NOSSA VIDA CRISTÃ</h2>
<level3><h3 id="p109"><strong>Cântico 126</strong></h3></level3>
<level3><h3 id="p110">7. Esteja preparado para um desastre</h3>
<p id="p111">(15 min) Consideração.</p>
<p id="p112">A ser feita por um ancião. Mencione os lembretes de Betel e do corpo de anciãos, se houver.</p>
<p id="p113">Como estamos vivendo nos “últimos dias”, sabemos que as dificuldades só vão aumentar. (2 Tim. 3:1; nota da <em>Bíblia de Estudo</em> em Mat. 24:8) Geralmente, quando acontece um desastre, o povo de Jeová recebe na hora certa orientações que podem salvar vidas. Então, pode ser que a nossa sobrevivência dependa do quanto somos obedientes agora, nos preparando tanto em sentido espiritual como de forma prática. — Pro. 14:6, 8.</p>
<p id="p114"><strong>Prepare-se em sentido espiritual:</strong> Tenha uma boa rotina. Melhore suas habilidades em diferentes aspectos do ministério. Não se desespere se você ficar temporariamente separado de outros irmãos da congregação. (Pro. 14:30) Jeová Deus e Jesus Cristo sempre vão estar perto de você. — <em>od</em> 176 §§ 15-17.</p>
<p id="p115"><strong>Prepare-se de forma prática:</strong> Além das mochilas de emergência, é bom que cada família tenha um estoque razoável de água, comida, remédios e outros itens necessários, caso seja preciso ficar dentro de casa por um longo período. — Pro. 22:3; <em>g17.5</em> 4.</p><p><imggroup><img src="6.jpg" id="i5" /></imggroup></p>
<p id="p116"><strong>Mostre o VÍDEO</strong> <strong><em>Como se Preparar para um Desastre?</em></strong> Depois, pergunte:</p>
<p id="p117"><strong> </strong> Como Jeová pode nos ajudar se acontecer um desastre?</p>
<p id="p118"><strong> </strong> O que nós podemos fazer para nos preparar?</p>
<p id="p119"><strong> </strong> Como podemos ajudar quem foi afetado por um desastre?</p></level3>
<level3><h3 id="p120">PERGUNTE-SE:</h3>
<p id="p121">‘Que lições sobre estar preparado eu aprendi de desastres recentes, sejam eles naturais ou causados pelo homem?’</p></level3>
<level3><h3 id="p122">8. Estudo bíblico de congregação</h3>
<p id="p123">(30 min) <em>bt</em> cap. 26 §§ 18-22, quadro na p. 209</p></level3>
<level3><h3 id="p124">Comentários finais (3 min) | Cântico 116 e oração</h3></level3></level2></level1>
    </bodymatter></book>
</dtbook>
