<?xml version="1.0" encoding="utf-8"?><?xml-stylesheet type="text/css" href="dtbook.2005.basic.css"?>
<!DOCTYPE dtbook PUBLIC "-//NISO//DTD dtbook 2005-3//EN" "http://www.daisy.org/z3986/2005/dtbook-2005-3.dtd">
<dtbook xmlns="http://www.daisy.org/z3986/2005/dtbook/" version="2005-2" xml:lang="pt">
    <head>
        <meta name="dt:version" content="1.0" />
        <meta name="dc:Title" content="Nossa Vida e Ministério Cristão — Apostila da Reunião 202505"/>
        <meta name="dc:Creator" content="Watchtower"/>
        <meta name="dc:Publisher" content="Watch Tower Bible and Tract Society of Pennsylvania"/>
        <meta name="dc:Date" content="None"/>
        <meta name="dc:Language" content="pt" />
        <meta name="dc:identifier" content="" />
        <meta name="dtb:uid" content=""/>
        <meta name="generator" content="Anemone 1.81 (http://ssb22.user.srcf.net/anemone)"/>
    </head>
    <book>
        <frontmatter><doctitle>Nossa Vida e Ministério Cristão — Apostila da Reunião 202505</doctitle><docauthor>Watchtower</docauthor></frontmatter><bodymatter>
<level1><h1 id="p126">26 de maio–1.º de junho</h1>
<level2><h2 id="p127"><strong>PROVÉRBIOS 15</strong></h2>
<level3><h3 id="p128"><strong>Cântico 102</strong> <strong>e oração | Comentários iniciais</strong> (1 min)</h3></level3></level2>
<level2><h2 id="p129">TESOUROS DA PALAVRA DE DEUS</h2>
<level3><h3 id="p130">1. Ajude outros a ter um coração alegre</h3>
<p id="p131">(10 min)</p>
<p id="p132">Quando nossos irmãos passam por grandes dificuldades, talvez eles achem que “todos os dias são maus”. (Pro. 15:15)</p>
<p id="p133">Seja hospitaleiro com quem está sofrendo. (Pro. 15:17; <em>w10</em> 15/11 31 § 16)</p>
<p id="p134">“Um olhar animado” e algumas palavras de encorajamento podem fazer muita diferença. (Pro. 15:23, 30, nota; <em>w18.04</em> 23-24 §§ 16-18)</p><p><imggroup><img src="7.jpg" id="i6" /></imggroup></p>
<p id="p135"></p>
<p id="p136"><strong>PERGUNTE-SE:</strong> ‘Quem talvez esteja precisando de encorajamento na minha congregação? E como eu posso ajudar?’</p></level3>
<level3><h3 id="p137">2. Joias espirituais</h3>
<p id="p138">(10 min)</p>
<p id="p139">Pro. 15:22 — Como esse princípio bíblico pode nos ajudar a tomar boas decisões sobre tratamento médico? (ijwbq artigo 39 § 3)</p>
<p id="p140">Que joias espirituais você encontrou na leitura da Bíblia desta semana?</p></level3>
<level3><h3 id="p141">3. Leitura da Bíblia</h3>
<p id="p142">(4 min) Pro. 15:1-21 (th lição 2)</p></level3></level2>
<level2><h2 id="p143">FAÇA SEU MELHOR NO MINISTÉRIO</h2>
<level3><h3 id="p144">4. Iniciando conversas</h3>
<p id="p145">(3 min) DE CASA EM CASA. (lmd lição 1 ponto 5)</p></level3>
<level3><h3 id="p146">5. Iniciando conversas</h3>
<p id="p147">(4 min) TESTEMUNHO INFORMAL. Ofereça um estudo bíblico. (lmd lição 2 ponto 4)</p></level3>
<level3><h3 id="p148">6. Fazendo discípulos</h3>
<p id="p149">(5 min) Encoraje um estudante da Bíblia que está enfrentando oposição na família. (th lição 4)</p></level3></level2>
<level2><h2 id="p150">NOSSA VIDA CRISTÃ</h2>
<level3><h3 id="p151"><strong>Cântico 155</strong></h3></level3>
<level3><h3 id="p152">7. Podemos ter um coração alegre apesar das dificuldades</h3>
<p id="p153">(15 min) Consideração.</p>
<p id="p154"><strong>Mostre o VÍDEO</strong> <strong><em>Podemos Ter Alegria Apesar de Aflição, Fome e Nudez.</em></strong> Depois, pergunte:</p>
<p id="p155"><strong> </strong> O que você aprendeu dessas experiências?</p></level3>
<level3><h3 id="p156">8. Estudo bíblico de congregação</h3>
<p id="p157">(30 min) <em>bt</em> cap. 27 §§ 1-9</p></level3>
<level3><h3 id="p158">Comentários finais (3 min) | Cântico 100  e oração</h3></level3></level2></level1>
    </bodymatter></book>
</dtbook>
