<?xml version="1.0" encoding="utf-8"?><?xml-stylesheet type="text/css" href="dtbook.2005.basic.css"?>
<!DOCTYPE dtbook PUBLIC "-//NISO//DTD dtbook 2005-3//EN" "http://www.daisy.org/z3986/2005/dtbook-2005-3.dtd">
<dtbook xmlns="http://www.daisy.org/z3986/2005/dtbook/" version="2005-2" xml:lang="pt">
    <head>
        <meta name="dt:version" content="1.0" />
        <meta name="dc:Title" content="Nossa Vida e Ministério Cristão — Apostila da Reunião 202505"/>
        <meta name="dc:Creator" content="Watchtower"/>
        <meta name="dc:Publisher" content="Watch Tower Bible and Tract Society of Pennsylvania"/>
        <meta name="dc:Date" content="None"/>
        <meta name="dc:Language" content="pt" />
        <meta name="dc:identifier" content="" />
        <meta name="dtb:uid" content=""/>
        <meta name="generator" content="Anemone 1.81 (http://ssb22.user.srcf.net/anemone)"/>
    </head>
    <book>
        <frontmatter><doctitle>Nossa Vida e Ministério Cristão — Apostila da Reunião 202505</doctitle><docauthor>Watchtower</docauthor></frontmatter><bodymatter>
<level1><h1 id="p160">2-8 de junho</h1>
<level2><h2 id="p161"><strong>PROVÉRBIOS 16</strong></h2>
<level3><h3 id="p162"><strong>Cântico 36</strong> <strong>e oração | Comentários iniciais</strong> (1 min)</h3></level3></level2>
<level2><h2 id="p163">TESOUROS DA PALAVRA DE DEUS</h2>
<level3><h3 id="p164">1. Três perguntas que nos ajudam a tomar boas decisões</h3>
<p id="p165">(10 min)</p>
<p id="p166">Vou mostrar que confio na orientação de Jeová? (Pro. 16:3, 20; <em>w14</em> 15/1 19 §§ 11-12)</p>
<p id="p167">Será que a minha decisão vai deixar Jeová feliz? (Pro. 16:7)</p>
<p id="p168">Será que estou sendo influenciado demais pelo que outros dizem ou fazem? (Pro. 16:25; <em>w13</em> 15/9 17 §§ 1-3)</p><p><imggroup><img src="8.jpg" id="i7" /></imggroup></p>
<p id="p169"><strong>PERGUNTE-SE:</strong> ‘Como essas perguntas podem me ajudar a fazer boas escolhas sobre vestimenta e aparência?’</p></level3>
<level3><h3 id="p170">2. Joias espirituais</h3>
<p id="p171">(10 min)</p>
<p id="p172">Pro. 16:22 — Em que sentido “os tolos são disciplinados pela sua própria tolice”? (it-1 708)</p>
<p id="p173">Que joias espirituais você encontrou na leitura da Bíblia desta semana?</p></level3>
<level3><h3 id="p174">3. Leitura da Bíblia</h3>
<p id="p175">(4 min) Pro. 16:1-20 (th lição 12)</p></level3></level2>
<level2><h2 id="p176">FAÇA SEU MELHOR NO MINISTÉRIO</h2>
<level3><h3 id="p177">4. Iniciando conversas</h3>
<p id="p178">(3 min) TESTEMUNHO INFORMAL. Mostre para a pessoa como encontrar informações úteis para ela no site jw.org. (lmd lição 2 ponto 5)</p></level3>
<level3><h3 id="p179">5. Cultivando o interesse</h3>
<p id="p180">(4 min) DE CASA EM CASA. Ofereça um estudo bíblico para alguém que não aceitou estudar no passado. (lmd lição 9 ponto 5)</p></level3>
<level3><h3 id="p181">6. Discurso</h3>
<p id="p182">(5 min) <em>ijwbv</em> artigo 40 — Tema: Qual é a explicação de Provérbios 16:3? (th lição 8)</p></level3></level2>
<level2><h2 id="p183">NOSSA VIDA CRISTÃ</h2>
<level3><h3 id="p184"><strong>Cântico 32</strong></h3></level3>
<level3><h3 id="p185">7. Necessidades locais</h3>
<p id="p186">(15 min)</p></level3>
<level3><h3 id="p187">8. Estudo bíblico de congregação</h3>
<p id="p188">(30 min) <em>bt</em> cap. 27 §§ 10-18</p></level3>
<level3><h3 id="p189">Comentários finais (3 min) | Cântico 68 e oração</h3></level3></level2></level1>
    </bodymatter></book>
</dtbook>
