<?xml version="1.0" encoding="utf-8"?><?xml-stylesheet type="text/css" href="dtbook.2005.basic.css"?>
<!DOCTYPE dtbook PUBLIC "-//NISO//DTD dtbook 2005-3//EN" "http://www.daisy.org/z3986/2005/dtbook-2005-3.dtd">
<dtbook xmlns="http://www.daisy.org/z3986/2005/dtbook/" version="2005-2" xml:lang="pt">
    <head>
        <meta name="dt:version" content="1.0" />
        <meta name="dc:Title" content="Nossa Vida e Ministério Cristão — Apostila da Reunião 202505"/>
        <meta name="dc:Creator" content="Watchtower"/>
        <meta name="dc:Publisher" content="Watch Tower Bible and Tract Society of Pennsylvania"/>
        <meta name="dc:Date" content="None"/>
        <meta name="dc:Language" content="pt" />
        <meta name="dc:identifier" content="" />
        <meta name="dtb:uid" content=""/>
        <meta name="generator" content="Anemone 1.81 (http://ssb22.user.srcf.net/anemone)"/>
    </head>
    <book>
        <frontmatter><doctitle>Nossa Vida e Ministério Cristão — Apostila da Reunião 202505</doctitle><docauthor>Watchtower</docauthor></frontmatter><bodymatter>
<level1><h1 id="p191">9-15 de junho</h1>
<level2><h2 id="p192"><strong>PROVÉRBIOS 17</strong></h2>
<level3><h3 id="p193"><strong>Cântico 157</strong> <strong>e oração | Comentários iniciais</strong> (1 min)</h3></level3></level2>
<level2><h2 id="p194">TESOUROS DA PALAVRA DE DEUS</h2><p><imggroup><img src="9.jpg" id="i8" /></imggroup></p>
<level3><h3 id="p195">1. Tenha paz no seu casamento</h3>
<p id="p196">(10 min)</p>
<p id="p197">Manter a paz exige esforço, mas vale muito a pena. (Pro. 17:1; veja a imagem)</p>
<p id="p198">Um casal israelita comendo uma refeição simples em um ambiente pacífico</p>
<p id="p199">Não deixe que coisas pequenas virem um problema. (Pro. 17:9; <em>g</em> 9/14 11 § 2)</p>
<p id="p200">Não perca o controle das suas emoções. (Pro. 17:14; <em>w08</em> 1/5 10 § 6–11 § 1)</p><p><imggroup><img src="10.jpg" id="i9" /></imggroup></p>
<p id="p201"></p></level3>
<level3><h3 id="p202">2. Joias espirituais</h3>
<p id="p203">(10 min)</p>
<p id="p204">Pro. 17:24 — Em que sentido “os olhos do tolo vagueiam até os confins da terra”? (it-2 514 § 4)</p>
<p id="p205">Que joias espirituais você encontrou na leitura da Bíblia desta semana?</p></level3>
<level3><h3 id="p206">3. Leitura da Bíblia</h3>
<p id="p207">(4 min) Pro. 17:1-17 (th lição 10)</p></level3></level2>
<level2><h2 id="p208">FAÇA SEU MELHOR NO MINISTÉRIO</h2>
<level3><h3 id="p209">4. Iniciando conversas</h3>
<p id="p210">(3 min) TESTEMUNHO INFORMAL. (lmd lição 3 ponto 5)</p></level3>
<level3><h3 id="p211">5. Iniciando conversas</h3>
<p id="p212">(4 min) TESTEMUNHO PÚBLICO. Ofereça um estudo bíblico. (lmd lição 6 ponto 4)</p></level3>
<level3><h3 id="p213">6. Discurso</h3>
<p id="p214">(5 min) <em>ijwbv</em> artigo 60 — Tema: Qual é a explicação de Provérbios 17:17? (th lição 13)</p></level3></level2>
<level2><h2 id="p215">NOSSA VIDA CRISTÃ</h2>
<level3><h3 id="p216"><strong>Cântico 113</strong></h3></level3>
<level3><h3 id="p217">7. Crie hábitos que facilitem a comunicação</h3>
<p id="p218">(15 min) Consideração.</p>
<p id="p219">Para ter uma família feliz, é necessário ter uma boa comunicação. Quando os membros da família se sentem à vontade para conversar abertamente, eles conseguem trabalhar em equipe e ajudar uns aos outros em momentos difíceis. (Pro. 15:22) Como você pode contribuir para criar um ambiente em que todos na sua família se sintam à vontade para se expressar?</p>
<p id="p220"><strong>Passem tempo juntos.</strong> (Deut. 6:6, 7) Quando os membros da família fazem as tarefas do dia a dia juntos, participam em atividades espirituais juntos e se divertem juntos, o amor e a confiança entre eles aumentam. Isso também dá oportunidades para terem conversas agradáveis. Às vezes você vai precisar deixar de lado seu gosto pessoal ou sua opinião para fazer o que as outras pessoas da sua família querem fazer. Mas você vai ver que isso vale a pena! (Fil. 2:3, 4) Como vocês podem usar seu tempo juntos do melhor modo possível? — Efé. 5:15, 16.</p><p><imggroup><img src="11.jpg" id="i10" /></imggroup></p>
<p id="p221"><strong>Mostre o VÍDEO</strong> <strong><em>Como Ter Paz na Família — Melhore a Comunicação.</em></strong> Depois, pergunte:</p>
<p id="p222">Como a falta de equilíbrio ao usar aparelhos eletrônicos pode afetar a comunicação da família?</p>
<p id="p223">No vídeo, o que mais você aprendeu sobre boa comunicação?</p>
<p id="p224"></p>
<p id="p225"><strong>Seja um bom ouvinte.</strong> (Tia. 1:19) Os filhos geralmente ficam mais à vontade para falar como se sentem quando eles não têm medo de ser mal-interpretados ou julgados. Então faça o seu melhor para não perder a calma se seu filho disser algo que preocupe você. (Pro. 17:27) Em vez disso, escute com empatia. Tente entender como ele se sente e pensa, para poder ajudá-lo e para mostrar que o ama.</p></level3>
<level3><h3 id="p226">8. Estudo bíblico de congregação</h3>
<p id="p227">(30 min) <em>bt</em> cap. 27 §§ 19-22, quadro na p. 212</p></level3>
<level3><h3 id="p228">Comentários finais (3 min) | Cântico 35  e oração</h3></level3></level2></level1>
    </bodymatter></book>
</dtbook>
