<?xml version="1.0" encoding="utf-8"?><?xml-stylesheet type="text/css" href="dtbook.2005.basic.css"?>
<!DOCTYPE dtbook PUBLIC "-//NISO//DTD dtbook 2005-3//EN" "http://www.daisy.org/z3986/2005/dtbook-2005-3.dtd">
<dtbook xmlns="http://www.daisy.org/z3986/2005/dtbook/" version="2005-2" xml:lang="pt">
    <head>
        <meta name="dt:version" content="1.0" />
        <meta name="dc:Title" content="Nossa Vida e Ministério Cristão — Apostila da Reunião 202505"/>
        <meta name="dc:Creator" content="Watchtower"/>
        <meta name="dc:Publisher" content="Watch Tower Bible and Tract Society of Pennsylvania"/>
        <meta name="dc:Date" content="None"/>
        <meta name="dc:Language" content="pt" />
        <meta name="dc:identifier" content="" />
        <meta name="dtb:uid" content=""/>
        <meta name="generator" content="Anemone 1.81 (http://ssb22.user.srcf.net/anemone)"/>
    </head>
    <book>
        <frontmatter><doctitle>Nossa Vida e Ministério Cristão — Apostila da Reunião 202505</doctitle><docauthor>Watchtower</docauthor></frontmatter><bodymatter>
<level1><h1 id="p230">16-22 de junho</h1>
<level2><h2 id="p231"><strong>PROVÉRBIOS 18</strong></h2>
<level3><h3 id="p232"><strong>Cântico 90</strong> <strong>e oração | Comentários iniciais</strong> (1 min)</h3></level3></level2>
<level2><h2 id="p233">TESOUROS DA PALAVRA DE DEUS</h2>
<level3><h3 id="p234">1. Fale de um modo que encoraje quem está enfrentando problemas de saúde</h3>
<p id="p235">(10 min)</p>
<p id="p236">Use a sabedoria de Deus para saber o que dizer. (Pro. 18:4; <em>w22.10</em> 22 § 17)</p>
<p id="p237">Tente entender o que a pessoa está passando. (Pro. 18:13; <em>mrt</em> artigo 19, quadro)</p>
<p id="p238">Seja um amigo paciente que está pronto para ajudar. (Pro. 18:24; <em>wp23.1</em> 14 § 3–15 § 1)</p><p><imggroup><img src="12.jpg" id="i11" /></imggroup></p>
<p id="p239"><strong>PERGUNTE-SE:</strong> ‘O que eu posso fazer para apoiar meu marido ou minha esposa, se ele ou ela estiver lidando com um problema de saúde físico ou mental?’</p></level3>
<level3><h3 id="p240">2. Joias espirituais</h3>
<p id="p241">(10 min)</p>
<p id="p242">Pro. 18:18 — Por que as pessoas nos tempos bíblicos lançavam sortes? (it-2 1057)</p>
<p id="p243">Que joias espirituais você encontrou na leitura da Bíblia desta semana?</p></level3>
<level3><h3 id="p244">3. Leitura da Bíblia</h3>
<p id="p245">(4 min) Pro. 18:1-17 (th lição 11)</p></level3></level2>
<level2><h2 id="p246">FAÇA SEU MELHOR NO MINISTÉRIO</h2>
<level3><h3 id="p247">4. Iniciando conversas</h3>
<p id="p248">(1 min) DE CASA EM CASA. A pessoa fala outro idioma. (lmd lição 2 ponto 5)</p></level3>
<level3><h3 id="p249">5. Cultivando o interesse</h3>
<p id="p250">(3 min) TESTEMUNHO PÚBLICO. A pessoa pede para você ser breve. (lmd lição 7 ponto 4)</p></level3>
<level3><h3 id="p251">6. Cultivando o interesse</h3>
<p id="p252">(3 min) TESTEMUNHO INFORMAL. Ensine uma verdade importante sobre o Reino de Deus. (lmd lição 9 ponto 5)</p></level3>
<level3><h3 id="p253">7. Explicando suas crenças</h3>
<p id="p254">(4 min) Demonstração. <em>ijwfq</em> artigo 29 — Tema: Vocês acreditam no criacionismo? (lmd lição 5 ponto 5)</p></level3></level2>
<level2><h2 id="p255">NOSSA VIDA CRISTÃ</h2>
<level3><h3 id="p256"><strong>Cântico 144</strong></h3></level3>
<level3><h3 id="p257">8. Mesmo “sem palavras”, ajude alguém que você ama a conhecer a Jeová</h3>
<p id="p258">(15 min) Consideração.</p>
<p id="p259">Quando você pensa em alguém que não está servindo a Jeová, talvez você se lembre do seu marido ou sua esposa, um filho ou um amigo querido que se afastou da congregação. Já aconteceu de você acabar forçando a situação ou sendo direto demais enquanto tentava convencê-lo a servir a Jeová? Embora nossa intenção seja boa, o que falamos pode acabar piorando as coisas. (Pro. 12:18) Será que existe um jeito melhor de ajudar?</p>
<p id="p260">O texto de 1 Pedro 3:1 explica que um marido que não serve a Jeová pode ser “ganho sem palavras”. Mesmo que o marido de uma irmã não queira falar sobre a Bíblia com ela, ainda assim ela talvez possa ajudá-lo a conhecer a Jeová. As qualidades espirituais que ela mostra, como amor, bondade e sabedoria, podem amolecer o coração dele. (Pro. 16:23) O modo como agimos e nossa bondade podem ter um efeito positivo nas pessoas que amamos e que ainda não servem a Jeová. — Nota de estudo “agradáveis” em Col. 4:6, <em>Bíblia de Estudo.</em></p>
<p id="p261"><strong>Mostre o VÍDEO</strong> <strong><em>Eles Lutam pela Fé e Vencem — Os Que Têm Esposa ou Marido Descrente.</em></strong> Depois, pergunte:</p><p><imggroup><img src="13.jpg" id="i12" /></imggroup></p>
<p id="p262">O que você aprendeu com a experiência da irmã Hideko?</p><p><imggroup><img src="14.jpg" id="i13" /></imggroup></p>
<p id="p263">O que você aprendeu com a experiência da irmã Noriko?</p><p><imggroup><img src="15.jpg" id="i14" /></imggroup></p>
<p id="p264">O que você aprendeu com a experiência da irmã Tomoe?</p></level3>
<level3><h3 id="p265">9. Estudo bíblico de congregação</h3>
<p id="p266">(30 min) <em>bt</em> cap. 27 §§ 23-26, quadros nas pp. 214, 217</p></level3>
<level3><h3 id="p267">Comentários finais (3 min) | Cântico 60 e oração</h3></level3></level2></level1>
    </bodymatter></book>
</dtbook>
