<?xml version="1.0" encoding="utf-8"?><?xml-stylesheet type="text/css" href="dtbook.2005.basic.css"?>
<!DOCTYPE dtbook PUBLIC "-//NISO//DTD dtbook 2005-3//EN" "http://www.daisy.org/z3986/2005/dtbook-2005-3.dtd">
<dtbook xmlns="http://www.daisy.org/z3986/2005/dtbook/" version="2005-2" xml:lang="pt">
    <head>
        <meta name="dt:version" content="1.0" />
        <meta name="dc:Title" content="Nossa Vida e Ministério Cristão — Apostila da Reunião 202505"/>
        <meta name="dc:Creator" content="Watchtower"/>
        <meta name="dc:Publisher" content="Watch Tower Bible and Tract Society of Pennsylvania"/>
        <meta name="dc:Date" content="None"/>
        <meta name="dc:Language" content="pt" />
        <meta name="dc:identifier" content="" />
        <meta name="dtb:uid" content=""/>
        <meta name="generator" content="Anemone 1.81 (http://ssb22.user.srcf.net/anemone)"/>
    </head>
    <book>
        <frontmatter><doctitle>Nossa Vida e Ministério Cristão — Apostila da Reunião 202505</doctitle><docauthor>Watchtower</docauthor></frontmatter><bodymatter>
<level1><h1 id="p269">23-29 de junho</h1>
<level2><h2 id="p270"><strong>PROVÉRBIOS 19</strong></h2>
<level3><h3 id="p271"><strong>Cântico 154</strong> <strong>e oração | Comentários iniciais</strong> (1 min)</h3></level3></level2>
<level2><h2 id="p272">TESOUROS DA PALAVRA DE DEUS</h2>
<level3><h3 id="p273">1. Seja um verdadeiro amigo para os irmãos</h3>
<p id="p274">(10 min)</p>
<p id="p275">Não se concentre nas imperfeições deles. (Pro. 19:11; <em>w23.11</em> 12 §§ 16-17)</p>
<p id="p276">Ajude-os em momentos difíceis. (Pro. 19:17; <em>w23.07</em> 9-10 §§ 10-11)</p>
<p id="p277">Mostre amor leal. (Pro. 19:22; <em>w21.11</em> 9 §§ 6-7)</p><p><imggroup><img src="16.jpg" id="i15" /></imggroup></p>
<p id="p278"></p>
<p id="p279"><strong>ILUSTRAÇÃO:</strong> As lembranças são como fotos. Guarde apenas as que destacam as características positivas dos nossos irmãos.</p></level3>
<level3><h3 id="p280">2. Joias espirituais</h3>
<p id="p281">(10 min)</p>
<p id="p282">Pro. 19:21 — O que sempre devemos levar em consideração ao darmos um conselho? (it-1 549)</p>
<p id="p283">Que joias espirituais você encontrou na leitura da Bíblia desta semana?</p></level3>
<level3><h3 id="p284">3. Leitura da Bíblia</h3>
<p id="p285">(4 min) Pro. 19:1-20 (th lição 2)</p></level3></level2>
<level2><h2 id="p286">FAÇA SEU MELHOR NO MINISTÉRIO</h2>
<level3><h3 id="p287">4. Iniciando conversas</h3>
<p id="p288">(3 min) TESTEMUNHO INFORMAL. Sem mencionar a Bíblia, direcione a conversa de um jeito natural para dizer que você é Testemunha de Jeová. (lmd lição 2 ponto 4)</p></level3>
<level3><h3 id="p289">5. Cultivando o interesse</h3>
<p id="p290">(4 min) TESTEMUNHO INFORMAL. Numa conversa anterior, a pessoa contou para você que ela gosta da natureza. (lmd lição 9 ponto 4)</p></level3>
<level3><h3 id="p291">6. Discurso</h3>
<p id="p292">(5 min) <em>lmd</em> apêndice A ponto 10 — Tema: Deus tem nome. (th lição 20)</p></level3></level2>
<level2><h2 id="p293">NOSSA VIDA CRISTÃ</h2>
<level3><h3 id="p294"><strong>Cântico 40</strong></h3></level3>
<level3><h3 id="p295">7. Necessidades locais</h3>
<p id="p296">(15 min)</p></level3>
<level3><h3 id="p297">8. Estudo bíblico de congregação</h3>
<p id="p298">(30 min) <em>bt</em> cap. 28 §§ 1-7</p></level3>
<level3><h3 id="p299">Comentários finais (3 min) | Cântico 61 e oração</h3></level3></level2></level1>
    </bodymatter></book>
</dtbook>
