<?xml version="1.0" encoding="utf-8"?><?xml-stylesheet type="text/css" href="dtbook.2005.basic.css"?>
<!DOCTYPE dtbook PUBLIC "-//NISO//DTD dtbook 2005-3//EN" "http://www.daisy.org/z3986/2005/dtbook-2005-3.dtd">
<dtbook xmlns="http://www.daisy.org/z3986/2005/dtbook/" version="2005-2" xml:lang="pt">
    <head>
        <meta name="dt:version" content="1.0" />
        <meta name="dc:Title" content="Nossa Vida e Ministério Cristão — Apostila da Reunião 202505"/>
        <meta name="dc:Creator" content="Watchtower"/>
        <meta name="dc:Publisher" content="Watch Tower Bible and Tract Society of Pennsylvania"/>
        <meta name="dc:Date" content="None"/>
        <meta name="dc:Language" content="pt" />
        <meta name="dc:identifier" content="" />
        <meta name="dtb:uid" content=""/>
        <meta name="generator" content="Anemone 1.81 (http://ssb22.user.srcf.net/anemone)"/>
    </head>
    <book>
        <frontmatter><doctitle>Nossa Vida e Ministério Cristão — Apostila da Reunião 202505</doctitle><docauthor>Watchtower</docauthor></frontmatter><bodymatter>
<level1><h1 id="p301">30 de junho–6 de julho</h1>
<level2><h2 id="p302"><strong>PROVÉRBIOS 20</strong></h2>
<level3><h3 id="p303"><strong>Cântico 131</strong> <strong>e oração | Comentários iniciais</strong> (1 min)</h3></level3></level2>
<level2><h2 id="p304">TESOUROS DA PALAVRA DE DEUS</h2>
<level3><h3 id="p305">1. Como ter um namoro que resulte em uma boa decisão</h3>
<p id="p306">(10 min)</p>
<p id="p307">Tenha em mente o ponto de vista de Jeová sobre o namoro. (Pro. 20:24, 25; <em>w24.05</em> 26-27 §§ 3-4)</p>
<p id="p308">Observe a pessoa mesmo antes de começar a namorar. (Pro. 20:18; <em>w24.05</em> 22 § 8)</p>
<p id="p309">Conheçam bem um ao outro durante o namoro. (Pro. 20:5; <em>w24.05</em> 28 §§ 7-8)</p><p><imggroup><img src="17.jpg" id="i16" /></imggroup></p>
<p id="p310"><strong>LEMBRE-SE:</strong> Um namoro bem-sucedido nem sempre leva ao casamento, mas sim a uma boa decisão.</p></level3>
<level3><h3 id="p311">2. Joias espirituais</h3>
<p id="p312">(10 min)</p>
<p id="p313">Pro. 20:27 — Em que sentido “o fôlego do homem” é como uma “lâmpada”? (it-2 189 § 8)</p>
<p id="p314">Que joias espirituais você encontrou na leitura da Bíblia desta semana?</p></level3>
<level3><h3 id="p315">3. Leitura da Bíblia</h3>
<p id="p316">(4 min) Pro. 20:1-15 (th lição 5)</p></level3></level2>
<level2><h2 id="p317">FAÇA SEU MELHOR NO MINISTÉRIO</h2>
<level3><h3 id="p318">4. Iniciando conversas</h3>
<p id="p319">(4 min) DE CASA EM CASA. A pessoa fala para você que recentemente se mudou de outro país para sua região. (lmd lição 3 ponto 3)</p></level3>
<level3><h3 id="p320">5. Cultivando o interesse</h3>
<p id="p321">(4 min) TESTEMUNHO PÚBLICO. Fale para a pessoa sobre o aplicativo <em>JW Library®</em> e ajude-a a instalar o aplicativo em um dispositivo eletrônico. (lmd lição 9 ponto 5)</p></level3>
<level3><h3 id="p322">6. Explicando suas crenças</h3>
<p id="p323">(4 min) Demonstração. <em>ijwbq</em> artigo 159 — Tema: Será que os animais vão para o céu? (lmd lição 3 ponto 4)</p></level3></level2>
<level2><h2 id="p324">NOSSA VIDA CRISTÃ</h2>
<level3><h3 id="p325"><strong>Cântico 78</strong></h3></level3>
<level3><h3 id="p326">7. Incentive outros a experimentar nosso curso bíblico</h3>
<p id="p327">(5 min) Consideração.</p>
<p id="p328">Oferecer cursos bíblicos é uma parte importante do nosso ministério. Afinal, como nós vamos ajudar as pessoas a aprender sobre Jeová se não estudarmos a Bíblia com elas? (Rom. 10:13-15) O que acha de ter o alvo de oferecer estudos bíblicos com frequência quando estiver pregando de casa em casa? Primeiro, tente descobrir que assunto é interessante para o morador. Depois, demonstre como um estudo bíblico pode responder às dúvidas dele e ajudá-lo de outras formas.</p><p><imggroup><img src="18.jpg" id="i17" /></imggroup></p>
<p id="p329">O link “Experimente nosso curso da Bíblia” no jw.org pode ajudar você quando quiser oferecer estudos bíblicos.</p>
<p id="p330">Como você poderia usar o link “Experimente nosso curso da Bíblia” para oferecer um estudo bíblico?</p>
<p id="p331">Que métodos funcionam bem para você ao oferecer estudos bíblicos onde você mora?</p></level3>
<level3><h3 id="p332">8. <em>Realizações da Organização,</em> junho</h3>
<p id="p333">(10 min) <strong>Mostre o VÍDEO.</strong></p></level3>
<level3><h3 id="p334">9. Estudo bíblico de congregação</h3>
<p id="p335">(30 min) <em>bt</em> cap. 28 §§ 8-15</p></level3>
<level3><h3 id="p336">Comentários finais (3 min) | Cântico 150  e oração</h3></level3></level2></level1>
    </bodymatter></book>
</dtbook>
